"NAICS_Code","naics_text","mismatch","exclude","obl","rcp","pay","EMP","minyear","maxyear","NAICS.display.label"
"1111",NA,"Not tracked: Agriculture","Not in stats",6073293.9403,NA,NA,NA,2007,2016,NA
"1112",NA,"Not tracked: Agriculture","Not in stats",83047.4302,NA,NA,NA,2007,2016,NA
"1113",NA,"Not tracked: Agriculture","Not in stats",7240038.6101,NA,NA,NA,2007,2016,NA
"1114",NA,"Not tracked: Agriculture","Not in stats",5990955.2522,NA,NA,NA,2007,2016,NA
"1119",NA,"Not tracked: Agriculture","Not in stats",4853975.9207,NA,NA,NA,2007,2016,NA
"1121",NA,"Not tracked: Agriculture","Not in stats",2214979.9888,NA,NA,NA,2007,2016,NA
"1122",NA,"Not tracked: Agriculture","Not in stats",1314711.1398,NA,NA,NA,2007,2016,NA
"1123",NA,"Not tracked: Agriculture","Not in stats",137272.6808,NA,NA,NA,2007,2016,NA
"1124",NA,"Not tracked: Agriculture","Not in stats",8118386.7442,NA,NA,NA,2007,2016,NA
"1125",NA,"Not tracked: Agriculture","Not in stats",6893052.0687,NA,NA,NA,2007,2016,NA
"1129",NA,"Not tracked: Agriculture","Not in stats",30975283.3962,NA,NA,NA,2007,2016,NA
"1131","Timber Tract Operations","Not tracked: Agriculture","Not in stats",1371365.1669,NA,NA,NA,2007,2016,NA
"1132","Forest Nurseries and Gathering of Forest Products","Not tracked: Agriculture","Not in stats",2788126.5214,NA,NA,NA,2007,2016,NA
"1133","Logging","Not tracked: Agriculture","Not in stats",12903311.4255,NA,NA,NA,2007,2016,NA
"1141","Fishing","Not tracked: Agriculture","Not in stats",6968708.5776,NA,NA,NA,2007,2016,NA
"1142","Hunting and Trapping","Not tracked: Agriculture","Not in stats",4711925.8452,NA,NA,NA,2007,2016,NA
"1151","Support Activities for Crop Production","Not tracked: Agriculture","Not in stats",51378588.8105,NA,NA,NA,2007,2016,NA
"1152","Support Activities for Animal Production","Not tracked: Agriculture","Not in stats",26572226.9809,NA,NA,NA,2007,2016,NA
"1153","Support Activities for Forestry","Not tracked: Agriculture","Not in stats",61116927.5964,NA,NA,NA,2007,2016,NA
"2111","Oil and Gas Extraction",NA,"No",1232044632.7029,2830326070000,123658880000,1633325,2007,2016,"Oil and gas extraction"
"2121","Coal Mining",NA,"No",63134694.6326,348317294000,52680938000,753380,2007,2016,"Coal mining"
"2122","Metal Ore Mining",NA,"No",565882780.286,263815450000,27082530000,379505,2007,2016,"Metal ore mining"
"2123","Nonmetallic Mineral Mining and Quarrying",NA,"No",428666750.5008,274317120000,43893220000,905715,2007,2016,"Nonmetallic mineral mining and quarrying"
"2131","Support Activities for Mining",NA,"No",300353329.0665,962785345000,248663655000,4143750,2007,2016,"Support activities for mining"
"2211","Electric Power Generation, Transmission and Distribution",NA,"No",8264719057.5334,4378863895000,467776185000,5167485,2007,2016,"Electric power generation, transmission and distribution"
"2212","Natural Gas Distribution",NA,"No",856889413.9295,1090615735000,63596500000,836530,2007,2016,"Natural gas distribution"
"2213","Water, Sewage and Other Systems",NA,"No",3981020336.6756,110937135000,21510160000,438390,2007,2016,"Water, sewage and other systems"
"2331",NA,"Reassigned in 2002","Not in sample",-41447727,NA,NA,NA,2007,2010,NA
"2332",NA,"Reassigned in 2002","Not in sample",81183326.6781,NA,NA,NA,2007,2013,NA
"2333",NA,"Reassigned in 2002","Not in sample",922103524.1614,NA,NA,NA,2007,2016,NA
"2341",NA,"Reassigned in 2002","Not in sample",11884625.6471,NA,NA,NA,2007,2012,NA
"2349",NA,"Reassigned in 2002","Not in sample",213020359.58,NA,NA,NA,2007,2016,NA
"2351",NA,"Reassigned in 2002","Not in sample",11834676.1497,NA,NA,NA,2007,2015,NA
"2352",NA,"Reassigned in 2002","Not in sample",636720.891,NA,NA,NA,2007,2014,NA
"2353",NA,"Reassigned in 2002","Not in sample",170939.4199,NA,NA,NA,2007,2010,NA
"2354",NA,"Reassigned in 2002","Not in sample",-15836.8501,NA,NA,NA,2007,2015,NA
"2355",NA,"Reassigned in 2002","Not in sample",-68745,NA,NA,NA,2007,2010,NA
"2356",NA,"Reassigned in 2002","Not in sample",10237568.4408,NA,NA,NA,2007,2014,NA
"2357",NA,"Reassigned in 2002","Not in sample",3818534,NA,NA,NA,2007,2010,NA
"2359",NA,"Reassigned in 2002","Not in sample",111196340.3426,NA,NA,NA,2007,2016,NA
"2361","Residential Building Construction","Uncollated at NAICS 4-5","No",3975023139.2933,2758949890000,296767815000,6706920,2007,2016,NA
"2362","Nonresidential Building Construction","Uncollated at NAICS 4-5","No",159857770330.339,3521152975000,370496265000,6423720,2007,2016,NA
"2371","Utility System Construction","Uncollated at NAICS 4-5","No",11188180226.5417,1195032910000,299874120000,5527820,2007,2016,NA
"2372","Land Subdivision","Uncollated at NAICS 4-5","No",14878289.1111,147037035000,19991900000,369750,2007,2016,NA
"2373","Highway, Street, and Bridge Construction","Uncollated at NAICS 4-5","No",14631423875.2826,1029436995000,178289725000,3347385,2007,2016,NA
"2379","Other Heavy and Civil Engineering Construction","Uncollated at NAICS 4-5","No",48718071270.3754,212344390000,46294515000,781975,2007,2016,NA
"2381","Foundation, Structure, and Building Exterior Contractors","Uncollated at NAICS 4-5","No",5028445778.5378,1367292080000,356374110000,9313325,2007,2016,NA
"2382","Building Equipment Contractors","Uncollated at NAICS 4-5","No",8460533568.914,3058339240000,891128925000,18223550,2007,2016,NA
"2383","Building Finishing Contractors","Uncollated at NAICS 4-5","No",1947384833.7045,1080346205000,300505780000,8100805,2007,2016,NA
"2389","Other Specialty Trade Contractors","Uncollated at NAICS 4-5","No",10476705429.9239,1121412895000,258021620000,6134065,2007,2016,NA
"3111","Animal Food Manufacturing",NA,"No",8664310.9204,485397680000,20980810000,455500,2007,2016,"Animal food manufacturing"
"3112","Grain and Oilseed Milling",NA,"No",2800911.6,856056085000,28436480000,530275,2007,2016,"Grain and oilseed milling"
"3113","Sugar and Confectionery Product Manufacturing",NA,"No",5648186.1529,301820885000,28945195000,695595,2007,2016,"Sugar and confectionery product manufacturing"
"3114","Fruit and Vegetable Preserving and Specialty Food Manufacturing",NA,"No",1760770509.9133,653146555000,63170345000,1690420,2007,2016,"Fruit and vegetable preserving and specialty food manufacturing"
"3115","Dairy Product Manufacturing",NA,"No",82934161.2092,995047830000,60741115000,1311775,2007,2016,"Dairy product manufacturing"
"3116","Animal Slaughtering and Processing",NA,"No",27838854.4675,1798129890000,150761950000,4953300,2007,2016,"Animal slaughtering and processing"
"3117","Seafood Product Preparation and Packaging",NA,"No",6716785.35,98081862000,10948680000,320252,2007,2016,"Seafood product preparation and packaging"
"3118","Bakeries and Tortilla Manufacturing",NA,"No",2383349919.8899,600565690000,92018350000,2711210,2007,2016,"Bakeries and tortilla manufacturing"
"3119","Other Food Manufacturing",NA,"No",1221980442.5576,845670945000,68058565000,1623735,2007,2016,"Other food manufacturing"
"3121","Beverage Manufacturing",NA,"No",455008664.2331,949855845000,64390620000,1343425,2007,2016,"Beverage manufacturing"
"3122","Tobacco Manufacturing",NA,"No",1956869.542,361789177000,9512322000,153118,2007,2015,"Tobacco manufacturing"
"3131","Fiber, Yarn, and Thread Mills",NA,"No",4910043.7593,85280050000,9802040000,327290,2007,2016,"Fiber, yarn, and thread mills"
"3132","Fabric Mills",NA,"No",233248717.7988,162899835000,23202525000,614015,2007,2016,"Fabric mills"
"3133","Textile and Fabric Finishing and Fabric Coating Mills",NA,"No",685993596.8578,83554890000,13166575000,365505,2007,2016,"Textile and fabric finishing and fabric coating mills"
"3141","Textile Furnishings Mills",NA,"No",143102425.5076,157044805000,19539100000,637590,2007,2016,"Textile furnishings mills"
"3149","Other Textile Product Mills",NA,"No",4657147877.7082,96865490000,20402350000,664125,2007,2016,"Other textile product mills"
"3151","Apparel Knitting Mills",NA,"No",105571112.922,23669925000,4509390000,164745,2007,2016,"Apparel knitting mills"
"3152","Cut and Sew Apparel Manufacturing",NA,"No",10083852401.3574,143123155000,27104600000,1094310,2007,2016,"Cut and sew apparel manufacturing"
"3159","Apparel Accessories and Other Apparel Manufacturing",NA,"No",9306251016.5218,12661340000,2838545000,108105,2007,2016,"Apparel accessories and other apparel manufacturing"
"3161","Leather and Hide Tanning and Finishing",NA,"No",1194100.1893,14778380000,1481905000,39885,2007,2016,"Leather and hide tanning and finishing"
"3162","Footwear Manufacturing",NA,"No",1494439584.715,18835810000,3741790000,121905,2007,2016,"Footwear manufacturing"
"3169","Other Leather and Allied Product Manufacturing",NA,"No",233895965.7887,18596975000,3970065000,138795,2007,2016,"Other leather and allied product manufacturing"
"3211","Sawmills and Wood Preservation",NA,"No",27394696.0849,254910330000,33195685000,881085,2007,2016,"Sawmills and wood preservation"
"3212","Veneer, Plywood, and Engineered Wood Product Manufacturing",NA,"No",222265141.6534,195646775000,31665005000,833900,2007,2016,"Veneer, plywood, and engineered wood product manufacturing"
"3219","Other Wood Product Manufacturing",NA,"No",724049255.8154,447197285000,84501845000,2587710,2007,2016,"Other wood product manufacturing"
"3221","Pulp, Paper, and Paperboard Mills",NA,"No",55614066.7573,808617575000,77886410000,1159555,2007,2016,"Pulp, paper, and paperboard mills"
"3222","Converted Paper Product Manufacturing",NA,"No",567557025.0352,977872460000,125957780000,2682580,2007,2016,"Converted paper product manufacturing"
"3231","Printing and Related Support Activities",NA,"No",241921236.0348,927357800000,228625785000,5541500,2007,2016,"Printing and related support activities"
"3241","Petroleum and Coal Products Manufacturing",NA,"No",107844563572.591,7333099010000,89404450000,1034920,2007,2016,"Petroleum and coal products manufacturing"
"3251","Basic Chemical Manufacturing",NA,"No",903305131.6503,2510521705000,112000705000,1506325,2007,2016,"Basic chemical manufacturing"
"3252","Resin, Synthetic Rubber, and Artificial Synthetic Fibers and Filaments Manufacturing",NA,"No",199860121.8554,1051885955000,58297920000,917940,2007,2016,"Resin, synthetic rubber, and artificial synthetic fibers and filaments manufacturing"
"3253","Pesticide, Fertilizer, and Other Agricultural Chemical Manufacturing",NA,"No",54480257.0046,353081265000,17674080000,292195,2007,2016,"Pesticide, fertilizer, and other agricultural chemical manufacturing"
"3254","Pharmaceutical and Medicine Manufacturing",NA,"No",11454112727.1623,1887177460000,193440690000,2458350,2007,2016,"Pharmaceutical and medicine manufacturing"
"3255","Paint, Coating, and Adhesive Manufacturing",NA,"No",428026929.3252,351259450000,33104500000,591345,2007,2016,"Paint, coating, and adhesive manufacturing"
"3256","Soap, Cleaning Compound, and Toilet Preparation Manufacturing",NA,"No",93038736.5136,890756730000,54065095000,988925,2007,2016,"Soap, cleaning compound, and toilet preparation manufacturing"
"3259","Other Chemical Product and Preparation Manufacturing",NA,"No",6373623981.2504,462578450000,49153430000,924435,2007,2016,"Other chemical product and preparation manufacturing"
"3261","Plastics Product Manufacturing",NA,"No",1002636533.7948,1717750755000,256213120000,6359840,2007,2016,"Plastics product manufacturing"
"3262","Rubber Product Manufacturing",NA,"No",2538183524.3672,421784020000,63514815000,1383320,2007,2016,"Rubber product manufacturing"
"3271","Clay Product and Refractory Manufacturing",NA,"No",94079112.0381,79743365000,16596830000,411190,2007,2016,"Clay product and refractory manufacturing"
"3272","Glass and Glass Product Manufacturing",NA,"No",322249855.0968,232779165000,41682245000,911860,2007,2016,"Glass and glass product manufacturing"
"3273","Cement and Concrete Product Manufacturing",NA,"No",431460990.1056,541402750000,82882965000,1926765,2007,2016,"Cement and concrete product manufacturing"
"3274","Lime and Gypsum Product Manufacturing",NA,"No",7849231.1704,68215460000,7685990000,141630,2007,2016,"Lime and gypsum product manufacturing"
"3279","Other Nonmetallic Mineral Product Manufacturing",NA,"No",549236459.1812,212963480000,34506075000,763410,2007,2016,"Other nonmetallic mineral product manufacturing"
"3311","Iron and Steel Mills and Ferroalloy Manufacturing",NA,"No",454845961.8385,1071015040000,75145230000,1057150,2007,2016,"Iron and steel mills and ferroalloy manufacturing"
"3312","Steel Product Manufacturing from Purchased Steel",NA,"No",396890160.955,244272165000,24379150000,478950,2007,2016,"Steel product manufacturing from purchased steel"
"3313","Alumina and Aluminum Production and Processing",NA,"No",1127046704.4481,397300115000,31027880000,586470,2007,2016,"Alumina and aluminum production and processing"
"3314","Nonferrous Metal (except Aluminum) Production and Processing",NA,"No",325414829.1853,594738070000,35056350000,630525,2007,2016,"Nonferrous metal (except aluminum) production and processing"
"3315","Foundries",NA,"No",111223828.4755,324627845000,63854300000,1403515,2007,2016,"Foundries"
"3321","Forging and Stamping",NA,"No",373934489.3221,339753595000,56224420000,1191370,2007,2016,"Forging and stamping"
"3322","Cutlery and Handtool Manufacturing",NA,"No",1775672193.1611,104158965000,19909900000,428780,2007,2016,"Cutlery and handtool manufacturing"
"3323","Architectural and Structural Metals Manufacturing",NA,"No",4344974991.4271,835800440000,159015195000,3727335,2007,2016,"Architectural and structural metals manufacturing"
"3324","Boiler, Tank, and Shipping Container Manufacturing",NA,"No",16737907787.843,334016165000,47019040000,906260,2007,2016,"Boiler, tank, and shipping container manufacturing"
"3325","Hardware Manufacturing",NA,"No",2827673852.3447,85071445000,14263740000,327570,2007,2016,"Hardware manufacturing"
"3326","Spring and Wire Product Manufacturing",NA,"No",402395609.4333,91353905000,17658975000,440745,2007,2016,"Spring and wire product manufacturing"
"3327","Machine Shops; Turned Product; and Screw, Nut, and Bolt Manufacturing",NA,"No",4274362099.3407,639446235000,179887810000,3953930,2007,2016,"Machine shops; turned product; and screw, nut, and bolt manufacturing"
"3328","Coating, Engraving, Heat Treating, and Allied Activities",NA,"No",161609106.1811,267722770000,53354395000,1324770,2007,2016,"Coating, engraving, heat treating, and allied activities"
"3329","Other Fabricated Metal Product Manufacturing",NA,"No",54414701845.7888,728144830000,129724950000,2701870,2007,2016,"Other fabricated metal product manufacturing"
"3331","Agriculture, Construction, and Mining Machinery Manufacturing",NA,"No",4768728997.1831,1028417860000,107881270000,2102515,2007,2016,"Agriculture, construction, and mining machinery manufacturing"
"3332","Industrial Machinery Manufacturing",NA,"No",1140419754.1693,359694805000,71946060000,1173235,2007,2016,"Industrial machinery manufacturing"
"3333","Commercial and Service Industry Machinery Manufacturing",NA,"No",20674741549.6306,239533135000,44328210000,839870,2007,2016,"Commercial and service industry machinery manufacturing"
"3334","Ventilation, Heating, Air-Conditioning, and Commercial Refrigeration Equipment Manufacturing",NA,"No",2256601771.9451,411646610000,59229965000,1392175,2007,2016,"Ventilation, heating, air-conditioning, and commercial refrigeration equipment manufacturing"
"3335","Metalworking Machinery Manufacturing",NA,"No",1406680665.1008,292229810000,81773560000,1553970,2007,2016,"Metalworking machinery manufacturing"
"3336","Engine, Turbine, and Power Transmission Equipment Manufacturing",NA,"No",7579748314.8839,480773295000,56441995000,1037255,2007,2016,"Engine, turbine, and power transmission equipment manufacturing"
"3339","Other General Purpose Machinery Manufacturing",NA,"No",9835635489.2513,950255335000,158441915000,2940290,2007,2016,"Other general purpose machinery manufacturing"
"3341","Computer and Peripheral Equipment Manufacturing",NA,"No",22489996075.1836,477312915000,47433965000,734215,2007,2016,"Computer and peripheral equipment manufacturing"
"3342","Communications Equipment Manufacturing",NA,"No",70057423261.3974,545150600000,92659555000,1260550,2007,2016,"Communications equipment manufacturing"
"3343","Audio and Video Equipment Manufacturing",NA,"No",955848103.9934,52949545000,6432920000,131560,2007,2016,"Audio and video equipment manufacturing"
"3344","Semiconductor and Other Electronic Component Manufacturing",NA,"No",22710674617.7024,1065809770000,186741660000,3243330,2007,2016,"Semiconductor and other electronic component manufacturing"
"3345","Navigational, Measuring, Electromedical, and Control Instruments Manufacturing",NA,"No",106423817850.901,1359667625000,300880365000,3989880,2007,2016,"Navigational, measuring, electromedical, and control instruments manufacturing"
"3346","Manufacturing and Reproducing Magnetic and Optical Media",NA,"No",488094263.4895,46529400000,10511015000,231475,2007,2016,"Manufacturing and reproducing magnetic and optical media"
"3351","Electric Lighting Equipment Manufacturing",NA,"No",638661710.2862,128671350000,22490775000,510170,2007,2016,"Electric lighting equipment manufacturing"
"3352","Household Appliance Manufacturing",NA,"No",228309905.7071,214118690000,21524635000,535765,2007,2016,"Household appliance manufacturing"
"3353","Electrical Equipment Manufacturing",NA,"No",6794895844.1787,404398030000,65124210000,1306475,2007,2016,"Electrical equipment manufacturing"
"3359","Other Electrical Equipment and Component Manufacturing",NA,"No",9907221762.3495,516796070000,72821050000,1460740,2007,2016,"Other electrical equipment and component manufacturing"
"3361","Motor Vehicle Manufacturing",NA,"No",14837919428.3165,2593604905000,122729850000,1682895,2007,2016,"Motor vehicle manufacturing"
"3362","Motor Vehicle Body and Trailer Manufacturing",NA,"No",30281239170.2142,341096735000,51930025000,1298195,2007,2016,"Motor vehicle body and trailer manufacturing"
"3363","Motor Vehicle Parts Manufacturing",NA,"No",7089069625.9007,2109820955000,258249290000,5252505,2007,2016,"Motor vehicle parts manufacturing"
"3364","Aerospace Product and Parts Manufacturing",NA,"No",667795769713.187,1936037585000,322757725000,4331550,2007,2016,"Aerospace product and parts manufacturing"
"3365","Railroad Rolling Stock Manufacturing",NA,"No",92734785.0436,151884950000,16461330000,287970,2007,2016,"Railroad rolling stock manufacturing"
"3366","Ship and Boat Building",NA,"No",147551979021.039,306417110000,70726795000,1425045,2007,2016,"Ship and boat building"
"3369","Other Transportation Equipment Manufacturing",NA,"No",79968416684.4028,219304660000,20375395000,405215,2007,2016,"Other transportation equipment manufacturing"
"3371","Household and Institutional Furniture and Kitchen Cabinet Manufacturing",NA,"No",2224023807.6461,407750915000,87611495000,2689840,2007,2016,"Household and institutional furniture and kitchen cabinet manufacturing"
"3372","Office Furniture (including Fixtures) Manufacturing",NA,"No",4244242112.5765,252188035000,51836610000,1233230,2007,2016,"Office furniture (including fixtures) manufacturing"
"3379","Other Furniture Related Product Manufacturing",NA,"No",117580892.8771,100369980000,13351645000,366585,2007,2016,"Other furniture related product manufacturing"
"3391","Medical Equipment and Supplies Manufacturing",NA,"No",8990132319.5481,848600860000,1.61039e+11,3026340,2007,2016,"Medical equipment and supplies manufacturing"
"3399","Other Miscellaneous Manufacturing",NA,"No",11078907880.3281,641745820000,123722005000,3030415,2007,2016,"Other miscellaneous manufacturing"
"4211",NA,"Reassigned in 2002","Not in sample",-4678004,NA,NA,NA,2007,2010,NA
"4212",NA,"Reassigned in 2002","Not in sample",159723.3009,NA,NA,NA,2007,2013,NA
"4213",NA,"Reassigned in 2002","Not in sample",853943,NA,NA,NA,2007,2008,NA
"4214",NA,"Reassigned in 2002","Not in sample",61469496.2801,NA,NA,NA,2007,2016,NA
"4216",NA,"Reassigned in 2002","Not in sample",32441.2996,NA,NA,NA,2007,2011,NA
"4217",NA,"Reassigned in 2002","Not in sample",139020.0801,NA,NA,NA,2008,2009,NA
"4218",NA,"Reassigned in 2002","Not in sample",1107894.72,NA,NA,NA,2007,2013,NA
"4219",NA,"Reassigned in 2002","Not in sample",1256825.1803,NA,NA,NA,2007,2014,NA
"4221",NA,"Reassigned in 2002","Not in sample",23716617.1914,NA,NA,NA,2007,2013,NA
"4222",NA,"Reassigned in 2002","Not in sample",1078210,NA,NA,NA,2007,2007,NA
"4224",NA,"Reassigned in 2002","Not in sample",-1656043.749,NA,NA,NA,2007,2012,NA
"4226",NA,"Reassigned in 2002","Not in sample",177632.52,NA,NA,NA,2007,2009,NA
"4227",NA,"Reassigned in 2002","Not in sample",11872570.9791,NA,NA,NA,2007,2016,NA
"4229",NA,"Reassigned in 2002","Not in sample",10168594.3334,NA,NA,NA,2007,2016,NA
"4231","Motor Vehicle and Motor Vehicle Parts and Supplies Merchant Wholesalers",NA,"No",1658578105.1041,6959481660000,180031400000,3824840,2007,2016,"Motor vehicle and motor vehicle parts and supplies merchant wholesalers"
"4232","Furniture and Home Furnishing Merchant Wholesalers",NA,"No",450053256.4774,897778230000,78880995000,1605960,2007,2016,"Furniture and home furnishing merchant wholesalers"
"4233","Lumber and Other Construction Materials Merchant Wholesalers",NA,"No",2115137764.1239,1535247715000,112059385000,2352225,2007,2016,"Lumber and other construction materials merchant wholesalers"
"4234","Professional and Commercial Equipment and Supplies Merchant Wholesalers",NA,"No",13684365213.0266,4914887295000,539789290000,7111135,2007,2016,"Professional and commercial equipment and supplies merchant wholesalers"
"4235","Metal and Mineral (except Petroleum) Merchant Wholesalers",NA,"No",382279710.2398,2357629195000,92016435000,1588130,2007,2016,"Metal and mineral (except petroleum) merchant wholesalers"
"4236","Household Appliances and Electrical and Electronic Goods Merchant Wholesalers",NA,"No",3735642592.5946,4961631450000,417501230000,5173130,2007,2016,"Electrical and electronic goods merchant wholesalers"
"4237","Hardware, and Plumbing and Heating Equipment and Supplies Merchant Wholesalers",NA,"No",299020642.8191,1366985155000,126654815000,2391590,2007,2016,"Hardware, plumbing and heating equipment and supplies merchant wholesalers"
"4238","Machinery, Equipment, and Supplies Merchant Wholesalers",NA,"No",7763370982.8423,4754168985000,409391270000,7343555,2007,2016,"Machinery, equipment, and supplies merchant wholesalers"
"4239","Miscellaneous Durable Goods Merchant Wholesalers",NA,"No",5482486746.0792,2503349345000,161640295000,3478490,2007,2016,"Miscellaneous durable goods merchant wholesalers"
"4241","Paper and Paper Product Merchant Wholesalers",NA,"No",212951883.8617,1386813710000,83540950000,1657375,2007,2016,"Paper and paper product merchant wholesalers"
"4242","Drugs and Druggists' Sundries Merchant Wholesalers",NA,"No",24241512651.4639,6234412565000,241147995000,2787350,2007,2016,"Drugs and druggists' sundries merchant wholesalers"
"4243","Apparel, Piece Goods, and Notions Merchant Wholesalers",NA,"No",122849368.8459,1509494120000,112698955000,2145945,2007,2016,"Apparel, piece goods, and notions merchant wholesalers"
"4244","Grocery and Related Product Merchant Wholesalers",NA,"No",26433122920.0523,7373847330000,360808835000,7742170,2007,2016,"Grocery and related product merchant wholesalers"
"4245","Farm Product Raw Material Merchant Wholesalers",NA,"No",1770744.1107,2001585325000,28275020000,607655,2007,2016,"Farm product raw material merchant wholesalers"
"4246","Chemical and Allied Products Merchant Wholesalers",NA,"No",210827470.6862,1979186975000,99640955000,1516695,2007,2016,"Chemical and allied products merchant wholesalers"
"4247","Petroleum and Petroleum Products Merchant Wholesalers",NA,"No",23393994123.1628,NA,67046630000,1035335,2007,2016,"Petroleum and petroleum products merchant wholesalers"
"4248","Beer, Wine, and Distilled Alcoholic Beverage Merchant Wholesalers",NA,"No",1447300.8399,1261697340000,98868445000,1841140,2007,2016,"Beer, wine, and distilled alcoholic beverage merchant wholesalers"
"4249","Miscellaneous Nondurable Goods Merchant Wholesalers",NA,"No",328758748.8513,3001379835000,146843780000,3483590,2007,2016,"Miscellaneous nondurable goods merchant wholesalers"
"4251","Wholesale Electronic Markets and Agents and Brokers",NA,"No",48078524.6845,6330939140000,134804500000,2860200,2007,2016,"Wholesale electronic markets and agents and brokers"
"4411","Automobile Dealers",NA,"No",33169478.013,7467567575000,531371535000,11830770,2007,2016,"Automobile dealers"
"4412","Other Motor Vehicle Dealers",NA,"No",254530520.6028,560878985000,53579240000,1484200,2007,2016,"Other motor vehicle dealers"
"4413","Automotive Parts, Accessories, and Tire Stores",NA,"No",329697372.2895,770763530000,129898510000,4807350,2007,2016,"Automotive parts, accessories, and tire stores"
"4421","Furniture Stores",NA,"No",362916018.9882,534782340000,71646150000,2287615,2007,2016,"Furniture stores"
"4422","Home Furnishings Stores",NA,"No",83286719.122,451605630000,60194085000,2623025,2007,2016,"Home furnishings stores"
"4431","Electronics and Appliance Stores",NA,"No",5980845271.9384,1049305660000,105882735000,4510760,2007,2016,"Electronics and appliance stores"
"4441","Building Material and Supplies Dealers",NA,"No",1075588061.8644,2611129890000,315956715000,10809920,2007,2016,"Building material and supplies dealers"
"4442","Lawn and Garden Equipment and Supplies Stores",NA,"No",10950235.0191,376171315000,40301165000,1570270,2007,2016,"Lawn and garden equipment and supplies stores"
"4451","Grocery Stores",NA,"No",26891752.1115,5234726620000,524808435000,25613950,2007,2016,"Grocery stores"
"4452","Specialty Food Stores",NA,"No",5405934.1436,166730290000,22967585000,1374935,2007,2016,"Specialty food stores"
"4453","Beer, Wine, and Liquor Stores",NA,"No",72917.6895,236819268000,16918140000,882105,2007,2014,"Beer, wine, and liquor stores"
"4461","Health and Personal Care Stores",NA,"No",3413368436.1945,2522439005000,297050245000,10351755,2007,2016,"Health and personal care stores"
"4471","Gasoline Stations",NA,"No",16892906.8381,5023346675000,151215935000,8736835,2007,2016,"Gasoline stations"
"4481","Clothing Stores",NA,"No",75022989.8717,1652164040000,199152595000,13014235,2007,2016,"Clothing stores"
"4482","Shoe Stores",NA,"No",16349708.5073,286341190000,33480640000,2058785,2007,2016,"Shoe stores"
"4483","Jewelry, Luggage, and Leather Goods Stores",NA,"No",13309837.161,308789950000,41643780000,1467675,2007,2016,"Jewelry, luggage, and leather goods stores"
"4511","Sporting Goods, Hobby, and Musical Instrument Stores",NA,"No",658203965.4146,622937755000,73675085000,4307475,2007,2016,"Sporting goods, hobby, and musical instrument stores"
"4512","Book Stores and News Dealers",NA,"No",6581774.6903,179486605000,20561370000,1461765,2007,2016,"Book stores and news dealers"
"4521","Department Stores",NA,"No",800569.351,1401582332000,149862752000,8217524,2007,2015,"Department stores"
"4529","Other General Merchandise Stores",NA,"No",134901697.008,4155104695000,354248175000,16320025,2007,2016,"Other general merchandise stores"
"4531","Florists",NA,"No",4648816.4546,54943205000,12117135000,790115,2007,2016,"Florists"
"4532","Office Supplies, Stationery, and Gift Stores",NA,"No",228149539.6932,352660250000,45458515000,2737765,2007,2016,"Office supplies, stationery, and gift stores"
"4533","Used Merchandise Stores",NA,"No",585415.1248,72811211000,16799468000,999011,2007,2016,"Used merchandise stores"
"4539","Other Miscellaneous Store Retailers",NA,"No",309054743.9955,488999545000,59490495000,2490950,2007,2016,"Other miscellaneous store retailers"
"4541","Electronic Shopping and Mail-Order Houses",NA,"No",10759596.3532,2718071820000,172059640000,3713700,2007,2016,"Electronic shopping and mail-order houses"
"4542","Vending Machine Operators",NA,"No",60092.29,39745512000,7586724000,272196,2007,2015,"Vending machine operators"
"4543","Direct Selling Establishments",NA,"No",262246736.6468,594182760000,68121335000,1965465,2007,2016,"Direct selling establishments"
"4811","Scheduled Air Transportation",NA,"No",3821728876.7205,1485224795000,235714200000,4232800,2007,2016,"Scheduled air transportation"
"4812","Nonscheduled Air Transportation",NA,"No",38610084803.7504,154200325000,26064145000,380860,2007,2016,"Nonscheduled air transportation"
"4821",NA,"Not tracked: Railroads","Not in stats",4691693.5353,NA,NA,NA,2007,2016,NA
"4831","Deep Sea, Coastal, and Great Lakes Water Transportation",NA,"No",17039629043.6223,309273420000,34560225000,516375,2007,2016,"Deep sea, coastal, and great lakes water transportation"
"4832","Inland Water Transportation",NA,"No",282614478.6985,71503850000,12171650000,200750,2007,2016,"Inland water transportation"
"4841","General Freight Trucking",NA,"No",1630508333.5352,1477678025000,390043730000,9477545,2007,2016,"General freight trucking"
"4842","Specialized Freight Trucking",NA,"No",1955343178.6012,801505195000,190593115000,4877580,2007,2016,"Specialized freight trucking"
"4851","Urban Transit Systems",NA,"No",271537235.6717,32396705000,18867150000,484180,2007,2016,"Urban transit systems"
"4852","Interurban and Rural Bus Transportation",NA,"No",5216738.1526,14074835000,4515645000,172715,2007,2016,"Interurban and rural bus transportation"
"4853","Taxi and Limousine Service",NA,"No",33744731.6619,62641315000,16811390000,748050,2007,2016,"Taxi and limousine service"
"4854","School and Employee Bus Transportation",NA,"No",590140444.6378,97592275000,40449435000,2251700,2007,2016,"School and employee bus transportation"
"4855","Charter Bus Industry",NA,"No",58836033.4648,27827265000,8188400000,327955,2007,2016,"Charter bus industry"
"4859","Other Transit and Ground Passenger Transportation",NA,"No",186669462.4534,41226790000,16767850000,715550,2007,2016,"Other transit and ground passenger transportation"
"4861","Pipeline Transportation of Crude Oil",NA,"No",181208.0506,29436746000,4853284000,48802,2007,2014,"Pipeline transportation of crude oil"
"4862","Pipeline Transportation of Natural Gas",NA,"No",1738307.0128,200792365000,26799575000,268995,2007,2016,"Pipeline transportation of natural gas"
"4869","Other Pipeline Transportation",NA,"No",2509843.4459,56414505000,5667090000,63510,2007,2016,"Other pipeline transportation"
"4871","Scenic and Sightseeing Transportation, Land",NA,"No",933330.0812,9089440000,2647380000,103225,2007,2016,"Scenic and sightseeing transportation, land"
"4872","Scenic and Sightseeing Transportation, Water",NA,"No",1766625.4797,14251990000,3893210000,135460,2007,2016,"Scenic and sightseeing transportation, water"
"4879","Scenic and Sightseeing Transportation, Other",NA,"No",254017.1703,4357865000,888280000,22870,2007,2016,"Scenic and sightseeing transportation, other"
"4881","Support Activities for Air Transportation",NA,"No",39755561240.8625,204484260000,65141265000,1687710,2007,2016,"Support activities for air transportation"
"4882","Support Activities for Rail Transportation",NA,"No",66434513.1991,38362495000,12353235000,299090,2007,2016,"Support activities for rail transportation"
"4883","Support Activities for Water Transportation",NA,"No",2695705654.6985,143068745000,41938185000,765710,2007,2016,"Support activities for water transportation"
"4884","Support Activities for Road Transportation",NA,"No",247367404.4786,69884135000,23453045000,819475,2007,2016,"Support activities for road transportation"
"4885","Freight Transportation Arrangement",NA,"No",2372761190.3155,476195010000,117589415000,2399170,2007,2016,"Freight transportation arrangement"
"4889","Other Support Activities for Transportation",NA,"No",1210263330.9233,18180030000,4595840000,159085,2007,2016,"Other support activities for transportation"
"4911",NA,"Not tracked: Postal Service","Not in stats",328157285.1741,NA,NA,NA,2007,2016,NA
"4921","Couriers and Express Delivery Services",NA,"No",966502207.1944,700962350000,198947660000,5087770,2007,2016,"Couriers and express delivery services"
"4922","Local Messengers and Local Delivery",NA,"No",75108025.6661,35231105000,8988105000,345650,2007,2016,"Local messengers and local delivery"
"4931","Warehousing and Storage",NA,"No",5271291121.5658,252071705000,268415880000,7166205,2007,2016,"Warehousing and storage"
"5111","Newspaper, Periodical, Book, and Directory Publishers",NA,"No",1335949155.6922,1239494785000,297771425000,5858140,2007,2016,"Newspaper, periodical, book, and directory publishers"
"5112","Software Publishers",NA,"No",7722432002.0357,1532380980000,508694110000,3988525,2007,2016,"Software publishers"
"5121","Motion Picture and Video Industries",NA,"No",701439179.9596,802797140000,148964500000,2947095,2007,2016,"Motion picture and video industries"
"5122","Sound Recording Industries",NA,"No",16086912.5431,132003675000,20472735000,254425,2007,2016,"Sound recording industries"
"5132",NA,"Reassigned in 2002","Not in sample",507274.1802,NA,NA,NA,2007,2013,NA
"5133",NA,"Reassigned in 2002","Not in sample",2026334755.3326,NA,NA,NA,2007,2016,NA
"5141",NA,"Reassigned in 2002","Not in sample",153401198.4484,NA,NA,NA,2007,2016,NA
"5142",NA,"Reassigned in 2002","Not in sample",633077135.8098,NA,NA,NA,2007,2016,NA
"5151","Radio and Television Broadcasting",NA,"No",158982611.4157,590599405000,142203735000,2359415,2007,2016,"Radio and television broadcasting"
"5152","Cable and Other Subscription Programming",NA,"No",91515640.184,542610565000,49838590000,505805,2007,2016,"Cable and other subscription programming"
"5161",NA,"Reassigned in 2007","Not in sample",11634868.9268,NA,NA,NA,2007,2016,NA
"5171","Wired Telecommunications Carriers",NA,"No",37478345834.8689,2882220025000,542119560000,8333090,2007,2016,"Wired telecommunications carriers"
"5172","Wireless Telecommunications Carriers (except Satellite)",NA,"No",2116751081.052,1979902785000,166211625000,2908595,2007,2016,"Wireless telecommunications carriers (except satellite)"
"5173",NA,"Reassigned in 2007","Not in sample",74203229.6105,NA,NA,NA,2007,2016,NA
"5174","Satellite Telecommunications",NA,"No",7390141670.5929,56257970000,8.257e+09,98695,2007,2016,"Satellite telecommunications"
"5175",NA,"Reassigned in 2007","Not in sample",20366287.6821,NA,NA,NA,2007,2015,NA
"5179","Other Telecommunications",NA,"No",3940381710.4748,265208460000,39893810000,586915,2007,2016,"Other telecommunications"
"5181",NA,"Reassigned in 2007","Not in sample",82543778.3722,NA,NA,NA,2007,2016,NA
"5182","Data Processing, Hosting, and Related Services",NA,"No",2508263424.5224,873230590000,337774345000,4455205,2007,2016,"Data processing, hosting, and related services"
"5191","Other Information Services",NA,"No",1538626945.83,657324155000,227329620000,1794090,2007,2016,"Other information services"
"5211","Monetary Authorities-Central Bank",NA,"No",81562.5596,280039340000,7100674000,93705,2007,2014,"Monetary authorities - central bank"
"5221","Depository Credit Intermediation",NA,"No",61945324.2802,6202045860000,1222368610000,20912555,2007,2016,"Depository credit intermediation"
"5222","Nondepository Credit Intermediation",NA,"No",25131834.1432,5246175005000,444302995000,6505280,2007,2016,"Nondepository credit intermediation"
"5223","Activities Related to Credit Intermediation",NA,"No",9267754.3064,744451570000,158823595000,3059600,2007,2016,"Activities related to credit intermediation"
"5231","Securities and Commodity Contracts Intermediation and Brokerage",NA,"No",1953440.4706,2803546556000,782707040000,4005185,2007,2015,"Securities and commodity contracts intermediation and brokerage"
"5232","Securities and Commodity Exchanges",NA,"No",68070.5,NA,NA,NA,2007,2010,"Securities and commodity exchanges"
"5239","Other Financial Investment Activities",NA,"No",3796940367.8564,NA,NA,NA,2007,2016,"Other financial investment activities"
"5241","Insurance Carriers",NA,"No",100800792322.359,15920242675000,1109683375000,14727570,2007,2016,"Insurance carriers"
"5242","Agencies, Brokerages, and Other Insurance Related Activities",NA,"No",1085020315.0634,2053672190000,505586125000,8911990,2007,2016,"Agencies, brokerages, and other insurance related activities"
"5251",NA,"Not tracked: Pension and Other Funds","Not in stats",13064370.792,NA,NA,NA,2007,2016,NA
"5259","Other Investment Pools and Funds","Not tracked: Pension and Other Funds","Not in stats",65800,NA,NA,NA,2008,2011,NA
"5311","Lessors of Real Estate",NA,"No",583959935.556,1886048530000,198598480000,5451865,2007,2016,"Lessors of real estate"
"5312","Offices of Real Estate Agents and Brokers",NA,"No",291095438.2887,747259035000,147604645000,2981300,2007,2016,"Offices of real estate agents and brokers"
"5313","Activities Related to Real Estate",NA,"No",243099004.2565,645570095000,265257770000,6224440,2007,2016,"Activities related to real estate"
"5321","Automotive Equipment Rental and Leasing",NA,"No",1106247230.451,466980105000,62308370000,1720970,2007,2016,"Automotive equipment rental and leasing"
"5322","Consumer Goods Rental",NA,"No",240087802.1481,232326540000,50847980000,2014140,2007,2016,"Consumer goods rental"
"5323","General Rental Centers",NA,"No",16759573.3223,32880600000,7292050000,233805,2007,2016,"General rental centers"
"5324","Commercial and Industrial Machinery and Equipment Rental and Leasing",NA,"No",3167484407.9931,522916015000,91426410000,1607995,2007,2016,"Commercial and industrial machinery and equipment rental and leasing"
"5331","Lessors of Nonfinancial Intangible Assets (except Copyrighted Works)",NA,"No",8758542.8414,329588310000,27118395000,326730,2007,2016,"Lessors of nonfinancial intangible assets (except copyrighted works)"
"5411","Legal Services",NA,"No",200552972.1517,2505458925000,912415435000,11762230,2007,2016,"Legal services"
"5412","Accounting, Tax Preparation, Bookkeeping, and Payroll Services",NA,"No",3070781907.5294,1221852780000,569756235000,14095735,2007,2016,"Accounting, tax preparation, bookkeeping, and payroll services"
"5413","Architectural, Engineering, and Related Services",NA,"No",296084405909.828,2600739115000,1003572840000,13934060,2007,2016,"Architectural, engineering, and related services"
"5414","Specialized Design Services",NA,"No",626374324.6464,193811010000,58522995000,1119260,2007,2016,"Specialized design services"
"5415","Computer Systems Design and Related Services",NA,"No",123299438849.189,2852102085000,1102814980000,13627190,2007,2016,"Computer systems design and related services"
"5416","Management, Scientific, and Technical Consulting Services",NA,"No",76714846460.118,1735467955000,665056495000,8958055,2007,2016,"Management, scientific, and technical consulting services"
"5417","Scientific Research and Development Services",NA,"No",241313540553.149,1054781635000,623825560000,6568245,2007,2016,"Scientific research and development services"
"5418","Advertising, Public Relations, and Related Services",NA,"No",6792123366.3961,873893650000,271556775000,4478480,2007,2016,"Advertising, public relations, and related services"
"5419","Other Professional, Scientific, and Technical Services",NA,"No",49344844844.8003,618295670000,209880975000,5827490,2007,2016,"Other professional, scientific, and technical services"
"5511","Management of Companies and Enterprises",NA,"No",351004.3792,753242094000,1865082682000,19485599,2007,2014,"Management of companies and enterprises"
"5611","Office Administrative Services",NA,"No",6949485388.8567,413583915000,191267835000,3764615,2007,2016,"Office administrative services"
"5612","Facilities Support Services",NA,"No",104194772694.847,255884790000,109453045000,2611925,2007,2016,"Facilities support services"
"5613","Employment Services",NA,"No",2101491895.2866,2243137745000,1610748270000,51164385,2007,2016,"Employment services"
"5614","Business Support Services",NA,"No",2503493848.4451,609955395000,235619470000,7816840,2007,2016,"Business support services"
"5615","Travel Arrangement and Reservation Services",NA,"No",149627651.8315,NA,114408335000,2438560,2007,2016,"Travel arrangement and reservation services"
"5616","Investigation and Security Services",NA,"No",9632121633.3465,439252290000,214662620000,8211695,2007,2016,"Investigation and security services"
"5617","Services to Buildings and Dwellings",NA,"No",10313318114.3703,1054104605000,401306975000,17359690,2007,2016,"Services to buildings and dwellings"
"5619","Other Support Services",NA,"No",10649494278.2066,373894020000,100829075000,2985515,2007,2016,"Other support services"
"5621","Waste Collection",NA,"No",1990211134.8733,403799880000,85015015000,1911570,2007,2016,"Waste collection"
"5622","Waste Treatment and Disposal",NA,"No",8021430512.5461,145469795000,31254305000,571470,2007,2016,"Waste treatment and disposal"
"5629","Remediation and Other Waste Management Services",NA,"No",22149264554.7999,222665050000,57750675000,1289820,2007,2016,"Remediation and other waste management services"
"6111","Elementary and Secondary Schools","Not tracked: Schools and Universities","Not in stats",313657220.2453,NA,NA,NA,2007,2016,NA
"6112","Junior Colleges","Not tracked: Schools and Universities","Not in stats",122041531.0884,NA,NA,NA,2007,2016,NA
"6113","Colleges, Universities, and Professional Schools","Not tracked: Schools and Universities","Not in stats",2303186794.4539,NA,NA,NA,2007,2016,NA
"6114","Business Schools and Computer and Management Training",NA,"No",5358841065.4428,99639770000,3.3043e+10,624870,2007,2016,"Business schools and computer and management training"
"6115","Technical and Trade Schools",NA,"No",6305632880.9005,118663080000,38471980000,1101380,2007,2016,"Technical and trade schools"
"6116","Other Schools and Instruction",NA,"No",3525839468.4684,171322675000,56073370000,3442745,2007,2016,"Other schools and instruction"
"6117","Educational Support Services",NA,"No",2287044684.012,102079280000,30124010000,742430,2007,2016,"Educational support services"
"6211","Offices of Physicians",NA,"No",5817912194.1159,3692485390000,1629365495000,21725845,2007,2016,"Offices of physicians"
"6212","Offices of Dentists",NA,"No",1217721096.1642,994001620000,366737490000,8540775,2007,2016,"Offices of dentists"
"6213","Offices of Other Health Practitioners",NA,"No",2340064359.3763,580502610000,230532910000,6875745,2007,2016,"Offices of other health practitioners"
"6214","Outpatient Care Centers",NA,"No",6895414482.574,862314885000,321401940000,7221380,2007,2016,"Outpatient care centers"
"6215","Medical and Diagnostic Laboratories",NA,"No",883932604.7056,431078140000,139410065000,2473740,2007,2016,"Medical and diagnostic laboratories"
"6216","Home Health Care Services",NA,"No",11869152.8606,565321420000,282731230000,11238460,2007,2016,"Home health care services"
"6219","Other Ambulatory Health Care Services",NA,"No",1447966023.6893,287032285000,101955800000,2816255,2007,2016,"Other ambulatory health care services"
"6221","General Medical and Surgical Hospitals",NA,"No",5265265342.0553,7369665270000,2679829660000,51669280,2007,2016,"General medical and surgical hospitals"
"6222","Psychiatric and Substance Abuse Hospitals",NA,"No",12579181.3517,187637630000,98753270000,2215065,2007,2016,"Psychiatric and substance abuse hospitals"
"6223","Specialty (except Psychiatric and Substance Abuse) Hospitals",NA,"No",3820942.1722,301849385000,117759514000,2246971,2007,2016,"Specialty (except psychiatric and substance abuse) hospitals"
"6231","Nursing Care Facilities (Skilled Nursing Facilities)",NA,"No",3810791.8499,1014339730000,445710500000,16515650,2007,2016,"Nursing care facilities"
"6232","Residential Intellectual and Developmental Disability, Mental Health, and Substance Abuse Facilities",NA,"No",6880563.3657,303616290000,149199770000,6473660,2007,2016,"Residential mental retardation, mental health and substance abuse facilities"
"6233","Continuing Care Retirement Communities and Assisted Living Facilities for the Elderly",NA,"No",10150,41237824000,15617813000,732560,2008,2008,"Community care facilities for the elderly"
"6239","Other Residential Care Facilities",NA,"No",37978895.9502,81500695000,38992135000,1428350,2007,2016,"Other residential care facilities"
"6241","Individual and Family Services",NA,"No",1284367762.7189,685856075000,279904330000,13124610,2007,2016,"Individual and family services"
"6242","Community Food and Housing, and Emergency and Other Relief Services",NA,"No",384047808.3287,256076455000,47855955000,1701865,2007,2016,"Community food and housing, and emergency and other relief services"
"6243","Vocational Rehabilitation Services",NA,"No",150039523.9347,119828150000,54246600000,3081860,2007,2016,"Vocational rehabilitation services"
"6244","Child Day Care Services",NA,"No",48173342.4912,308891175000,148005615000,8658500,2007,2016,"Child day care services"
"7111","Performing Arts Companies",NA,"No",41859058.3517,137154580000,39649040000,1235100,2007,2016,"Performing arts companies"
"7112","Spectator Sports",NA,"No",30323374.7515,318504860000,153947795000,1197920,2007,2016,"Spectator sports"
"7113","Promoters of Performing Arts, Sports, and Similar Events",NA,"No",30658035.5411,172981055000,30842990000,1291575,2007,2016,"Promoters of performing arts, sports, and similar events"
"7114","Agents and Managers for Artists, Athletes, Entertainers, and Other Public Figures",NA,"No",3122933.8853,53754595000,17899020000,183120,2007,2016,"Agents and managers for artists, athletes, entertainers, and other public figures"
"7115","Independent Artists, Writers, and Performers",NA,"No",95996799.0284,138572085000,54577670000,447635,2007,2016,"Independent artists, writers, and performers"
"7121","Museums, Historical Sites, and Similar Institutions",NA,"No",94024984.0143,135057395000,39294680000,1327095,2007,2016,"Museums, historical sites, and similar institutions"
"7131","Amusement Parks and Arcades",NA,"No",397923.1171,110628202000,24169680000,1134968,2007,2014,"Amusement parks and arcades"
"7132","Gambling Industries",NA,"No",220727.6697,198079464000,35350760000,1275660,2008,2016,"Gambling industries"
"7139","Other Amusement and Recreation Industries",NA,"No",113488100.9597,610194635000,200711540000,11993090,2007,2016,"Other amusement and recreation industries"
"7211","Traveler Accommodation",NA,"No",1570916745.6936,1824279880000,469110765000,19086185,2007,2016,"Traveler accommodation"
"7212","RV (Recreational Vehicle) Parks and Recreational Camps",NA,"No",79935038.4044,46175020000,11552030000,402500,2007,2016,"RV (recreational vehicle) parks and recreational camps"
"7213","Rooming and Boarding Houses",NA,"No",33994103.2658,10793065000,1906935000,115025,2007,2016,"Rooming and boarding houses"
"7221",NA,NA,"No",32224034.4648,2082898160000,686729440000,46880205,2007,2016,"Full-service restaurants"
"7222",NA,NA,"No",47623156.4363,2029850230000,502814325000,41755340,2007,2016,"Limited-service eating places"
"7223","Special Food Services",NA,"No",9034782524.1307,425455410000,118126770000,6239415,2007,2016,"Special food services"
"7224","Drinking Places (Alcoholic Beverages)",NA,"No",126707.7031,76087954000,17764270000,1425412,2008,2015,"Drinking places (alcoholic beverages)"
"7225","Restaurants and Other Eating Places","New in 2012: Missing from Economy Stats","Not in sample",1772998.6296,NA,NA,NA,2012,2016,NA
"8111","Automotive Repair and Maintenance",NA,"No",5182802716.9802,883459495000,249557750000,8550565,2007,2016,"Automotive repair and maintenance"
"8112","Electronic and Precision Equipment Repair and Maintenance",NA,"No",12090806801.6724,NA,NA,1139005,2007,2016,"Electronic and precision equipment repair and maintenance"
"8113","Commercial and Industrial Machinery and Equipment (except Automotive and Electronic) Repair and Maintenance",NA,"No",5330344970.1606,285136205000,85759630000,1869910,2007,2016,"Commercial and industrial machinery and equipment (except automotive and electronic) repair and maintenance"
"8114","Personal and Household Goods Repair and Maintenance",NA,"No",512616206.4191,64553490000,19527245000,716545,2007,2016,"Personal and household goods repair and maintenance"
"8121","Personal Care Services",NA,"No",12098177.633,279188480000,111661160000,6317630,2007,2016,"Personal care services"
"8122","Death Care Services",NA,"No",28719250.1667,157973580000,43167490000,1395695,2007,2016,"Death care services"
"8123","Drycleaning and Laundry Services",NA,"No",729703080.7452,232968590000,73415845000,3228970,2007,2016,"Drycleaning and laundry services"
"8129","Other Personal Services",NA,"No",184164267.9692,175550600000,48922960000,2492255,2007,2016,"Other personal services"
"8131","Religious Organizations","Not tracked: Religious Organizations","Not in stats",116433767.3587,NA,NA,NA,2007,2016,NA
"8132","Grantmaking and Giving Services",NA,"No",3234274.2051,919918005000,NA,1698135,2007,2016,"Grantmaking and giving services"
"8133","Social Advocacy Organizations",NA,"No",63511967.7646,221402165000,56344195000,1411340,2007,2016,"Social advocacy organizations"
"8134","Civic and Social Organizations",NA,"No",6271540.1959,157487580000,44043205000,2432100,2007,2016,"Civic and social organizations"
"8139","Business, Professional, Labor, Political, and Similar Organizations",NA,"No",177016745.5909,1214037400000,334189750000,6592920,2007,2016,"Business, professional, labor, political, and similar organizations"
"8141",NA,"Not tracked: Private Households","Not in stats",518560.7574,NA,NA,NA,2007,2016,NA
"9211",NA,"Not tracked: Public Administration","No",5225609521.8824,NA,NA,NA,2007,2016,NA
"9221",NA,"Not tracked: Public Administration","No",242628504.0619,NA,NA,NA,2007,2016,NA
"9231",NA,"Not tracked: Public Administration","No",209621842.779,NA,NA,NA,2007,2016,NA
"9241",NA,"Not tracked: Public Administration","No",1007031831.2183,NA,NA,NA,2007,2016,NA
"9251",NA,"Not tracked: Public Administration","No",42937365.9812,NA,NA,NA,2007,2016,NA
"9261",NA,"Not tracked: Public Administration","No",1192477205.804,NA,NA,NA,2007,2016,NA
"9271",NA,"Not tracked: Public Administration","No",4340397872.416,NA,NA,NA,2007,2016,NA
"9281",NA,"Not tracked: Public Administration","No",1540035483.1047,NA,NA,NA,2007,2016,NA
"9999",NA,"Not tracked: Industries not classified","Not in stats",14236.8701,NA,NA,NA,2008,2008,NA
NA,NA,NA,"Not in stats",13039212289.3119,NA,NA,NA,2007,2016,NA
